manufSN,internalSN,itemCode,itemName,customer,custmrName,Distance,cntrctEnd,contractID,Name
PO44N250,PO44N250,Domino G20i Printer  PO44N250,Domino G20i Printer  PO44N250,TTL,Tea Tang Ltd.,,,,0
G2261J1P079N100,G2261J1P079N100,Domino G20i Printer G2261J1P079N100,Domino G20i Printer G2261J1P079N100,SANMIK FOOD,Sanmik Food Pvt Ltd,,,,Mr.Sisira
K138J1P094N150,K138J1P094N150,Domino G20i Printer K138J1P094N150,Domino G20i Printer K138J1P094N150,FALCON,Falcon Trading Pvt Ltd,,,,0
K2138J1P078N150,K2138J1P078N150,Domino G20i Printer K2138J1P078N150,Domino G20i Printer K2138J1P078N150,COLOMBO ICE CO,The Colombo Ice Company Pvt Ltd,,,,Mr. Chamalinda Mandawala
,10101721,Laser Machine AKJ6040,Laser Machine AKJ6040,HASALA,Hasala Engineering,,,,0
,10099809,Laser Machine AKJ6040,Laser Machine AKJ6040,HASALA,Hasala Engineering,,,,0
,1,Plucked Machine,Plucked Machine,PUSSALLA,Pussalla Meat Producers Pvt Ltd,,,,0
,21303 / 5/05,Fully Automatic Induction Sealer,Fully Automatic Induction Sealer,NATURE CEYLON,Naturally Ceylon Pvt Ltd,,,,The Accountant
,2019BAO-29493,Bry air Dehumidifier,Bry air Dehumidifier,CARGILLS AGRI,Cargills Agri Foods Ltd,,,,Mr. Tharindu
,21052 -  23/3/2022,Bry air ECO Dry Dehumidifier,Bry air ECO Dry Dehumidifier,CIC SEEDS,Cic Seeds Pvt Ltd,,,,0
,FFB-300,Bry air ECO Dry Dehumidifier,Bry air ECO Dry Dehumidifier,INTERPHARM,Interpharm Pvt Ltd,,,,Mr. Hemasiri
,21102 -  28/03/2022,Fully Automatic Packing & Sealing Machine (AC-6B14-2B-1X),Fully Automatic Packing & Sealing Machine (AC-6B14-2B-1X),Sineth,Sineth Ceylon Teas,,,,Maaging Director
,3,CODING MACHINE  MY380,CODING MACHINE  MY380,REMARK FRESH,REMARK FRESH (PVT) LTD,,,,Samith Dissanayake
,11,MULTI FUNCTIONAL FILM SEALER,MULTI FUNCTIONAL FILM SEALER,REMARK FRESH,REMARK FRESH (PVT) LTD,,,,Samith Dissanayake
,16,Continuous Sealing Machine,Continuous Sealing Machine,Iynul,Mrs. Iynul Rifka,,,,Owner wife
,13,Continuous Sealing Machine,Continuous Sealing Machine,SWEET SURRENDER,Sweet Surrender (Pvt) Ltd,,,,0
,14,Continuous Sealing Machine,Continuous Sealing Machine,SDS Pvt,SDS Pvt Ltd,,,,Owner
,15,Continuous Sealing Machine,Continuous Sealing Machine,BAVANI IND,Bavaniindustries,,,,Accounts
,21988-1,Continuous Sealing Machine,Continuous Sealing Machine,AVENRICH TEA,Avenrich Tea Pvt Ltd,,,,0
,21988-2,Continuous Sealing Machine,Continuous Sealing Machine,KEELLS,Keells Food Products Plc,,,,0
,21988-3,Continuous Sealing Machine,Continuous Sealing Machine,KEELLS,Keells Food Products Plc,,,,0
,17,Induction Sealing Machine,Induction Sealing Machine,AMMA INDUS,Amma industries,,,,0
,18,Induction Sealing Machine,Induction Sealing Machine,WICHY,Wichy Plantation Company Pvt Ltd,,,,0
,20,Semi Auto L Bar Sealer,Semi Auto L Bar Sealer,CEYFLEX RUBBER,Ceyflex Rubber Ltd.,,,,0
,21,Semi Auto L Bar Sealer,Semi Auto L Bar Sealer,CIBO FOODS,CIBO Foods,,,,0
,FQ; 450 A -1,Semi Auto L Bar Sealer,Semi Auto L Bar Sealer,DELMO,Delmo Chicken & Agro Pvt Ltd,,,,Mr.Maduka
,FQ; 450 A -2,Semi Auto L Bar Sealer,Semi Auto L Bar Sealer,SRILANKAN,Srilankan Catering Pvt Ltd,,,,0
,23,Strapping Machine,Strapping Machine,T N S,T N S TECHNOLOGY,,,,0
,24,Strapping Machine,Strapping Machine,T N S,T N S TECHNOLOGY,,,,0
,25,Strapping Machine,Strapping Machine,T N S,T N S TECHNOLOGY,,,,0
,21512,"Semi-Automatic Carton Sealer 3"" Tape","Semi-Automatic Carton Sealer 3"" Tape",Stassen Exp,Stassen Exports (Pvt) Ltd,,,,Supply Chain
,21512-1,"Semi-Automatic Carton Sealer 3"" Tape","Semi-Automatic Carton Sealer 3"" Tape",Stassen Exp,Stassen Exports (Pvt) Ltd,,,,Supply Chain
,bpm22F0207,Automatic Flap Folding Machine,Automatic Flap Folding Machine,JAT HOLDINGS,Jat Holdings (Pvt) Ltd.,,,,Mr.Indika
,29,Semi Auto Carton Sealer,Semi Auto Carton Sealer,TILLMAX,TILLMAX PVT LTD,,,,Manager Engineering
,30,Semi Auto Carton Sealer,Semi Auto Carton Sealer,Sammana Stat,Sammana Stationer,,,,GM
,31,Semi Auto Carton Sealer,Semi Auto Carton Sealer,TILLMAX,TILLMAX PVT LTD,,,,Manager Engineering
,FXJ 50501 -1,Semi Auto Carton Sealer,Semi Auto Carton Sealer,SENA MIL REF EX,Sena Mills Refieries Export (Pvt) Ltd,,,,0
,FXJ 50501 -2,Semi Auto Carton Sealer,Semi Auto Carton Sealer,MCW,Motha Confectionery Works (Pvt) Ltd,,,,Mr.Adrian
,FXJ 50501 -3,Semi Auto Carton Sealer,Semi Auto Carton Sealer,Stassen Exp,Stassen Exports (Pvt) Ltd,,,,Supply Chain
,FXJ 50501 -4,Semi Auto Carton Sealer,Semi Auto Carton Sealer,HEMAS,Hemas Manufacturing Pvt Ltd,,,,0
,FXJ 50501 -5,Semi Auto Carton Sealer,Semi Auto Carton Sealer,TILLMAX,TILLMAX PVT LTD,,,,Manager Engineering
,22/03/2022/GRN20952,Vacuum Packing Machine,Vacuum Packing Machine,HERITAGE TEAS,Heritage Teas Pvt Ltd,,,,0
,22/03/2022/GRN20952/6,Vacuum Packing Machine,Vacuum Packing Machine,Colombo Exp &,Colombo Export & Import Agencies (Pvt) Ltd.,,,,Asst. Manager-QA
,22/03/2022/GRN20952/5,Vacuum Packing Machine,Vacuum Packing Machine,GK Cashews,GK Cashews,,,,Manager Production
,21/03/2022 -1,Vacuum Packing Machine,Vacuum Packing Machine,Stassen,Stassen Food Pvt Ltd,,,,Manager Purchasing
,21/03/2022-2,Vacuum Packing Machine,Vacuum Packing Machine,NATURE CEYLON,Naturally Ceylon Pvt Ltd,,,,The Accountant
,21/03/2022-3,Vacuum Packing Machine,Vacuum Packing Machine,NATURE CEYLON,Naturally Ceylon Pvt Ltd,,,,The Accountant
,21/03/2022-4,Vacuum Packing Machine,Vacuum Packing Machine,Best Food,Best Food Lanka,,,,Mr. Anasdeen
,21/03/2022-5,Vacuum Packing Machine,Vacuum Packing Machine,CIBO FOODS,CIBO Foods,,,,0
,22/03/2022/GRN20952/1,Vacuum Packing Machine,Vacuum Packing Machine,CeDS Pvt Ltd,CeDS Pvt Ltd,,,,Accounts
,22/03/2022/GRN20952/2,Vacuum Packing Machine,Vacuum Packing Machine,Ceylon First,Ceylon First Exports (pvt) Ltd,,,,Director
,22/03/2022/GRN20952/3,Vacuum Packing Machine,Vacuum Packing Machine,Sab Inter,Sab International Holdings Pvt Limited,,,,Director
,22/03/2022/GRN20952/4,Vacuum Packing Machine,Vacuum Packing Machine,Richi Dairies,Richi Daries Lanka (Pvt) Ltd,,,,Damitra Ekanayaka
,21988-01,Vacuum Packing Machine,Vacuum Packing Machine,Winmeworld,Winmeworld,,,,Director
,21988-02,Vacuum Packing Machine,Vacuum Packing Machine,JT MARKETING,Jt Marketing,,,,Mr.Thisula
,21988-03,Vacuum Packing Machine,Vacuum Packing Machine,CAFEX,CAFEX EXPORTS PVT LTD,,,,MD
,33,Vacuum Packing Machine,Vacuum Packing Machine,Folkland,Folkland Kitchen,,,,MD
,34,Vacuum Packing Machine,Vacuum Packing Machine,RAYON PRODUCTS,Rayon Products,,,,Owener
,35,Vacuum Packing Machine,Vacuum Packing Machine,Dota Ceylo,Dota Ceylon Hotels,,,,Owner
,36,Vacuum Packing Machine,Vacuum Packing Machine,HIRU PRODUCTS,Hiru Products Ceylon Pvt Ltd,,,,0
,AX 0000027896,Domino AX350i Printer  AX0000027896,Domino AX350i Printer  AX0000027896,SCAN,C W Mackie Plc,,,,Mr.Ranil
,AX0000039271,Domino  Ax 150i Printer Serila No AX0000039271,Domino  Ax 150i Printer Serila No AX0000039271,EBCC,E. B. Creasy & Company Plc,,,,Mr. Nalin
,AX0000039272,Domino  Ax 150i Printer Serila No AX0000039272,Domino  Ax 150i Printer Serila No AX0000039272,EBCC,E. B. Creasy & Company Plc,,,,Mr. Nalin
,AX0000039273,Domino  Ax 150i Printer Serila No AX0000039273,Domino  Ax 150i Printer Serila No AX0000039273,NATURE CEYLON,Naturally Ceylon Pvt Ltd,,,,The Accountant
,AX0000039274,Domino  Ax 150i Printer Serila No AX0000039274,Domino  Ax 150i Printer Serila No AX0000039274,DUALI,Duallink International (Pvt) Ltd.,,,,Mr. Jaliya Wellapully
,AX0000039275,Domino  Ax 150i Printer Serila No AX0000039275,Domino  Ax 150i Printer Serila No AX0000039275,FS Traders,FS Traders Pvt Ltd,,,,Manager Purchasing
,AX0000039276,Domino  Ax 150i Printer Serila No AX0000039276,Domino  Ax 150i Printer Serila No AX0000039276,SANMIK FOOD,Sanmik Food Pvt Ltd,,,,Mr.Sisira
,AX0000039277,Domino  Ax 150i Printer Serila No AX0000039277,Domino  Ax 150i Printer Serila No AX0000039277,R M CHEMICALS,R M C Ceylon (Pvt) Ltd,,,,Ms. Inoka De Silva
,AX0000039278,Domino  Ax 150i Printer Serila No AX0000039278,Domino  Ax 150i Printer Serila No AX0000039278,SANMIK FOOD,Sanmik Food Pvt Ltd,,,,Mr.Sisira
,AX0000039279,Domino  Ax 150i Printer Serila No AX0000039279,Domino  Ax 150i Printer Serila No AX0000039279,SANMIK FOOD,Sanmik Food Pvt Ltd,,,,Mr.Sisira
,AX0000039280,Domino  Ax 150i Printer Serila No AX0000039280,Domino  Ax 150i Printer Serila No AX0000039280,NATURE CEYLON,Naturally Ceylon Pvt Ltd,,,,The Accountant
,AX0000042881,Domino  Ax 150i Printer Serila No AX0000042881,Domino  Ax 150i Printer Serila No AX0000042881,SWADESHI INDUST,The Swadeshi Industrial Works Plc,,,,Mr.Rajitha
,AX0000042882,Domino  Ax 150i Printer Serila No AX0000042882,Domino  Ax 150i Printer Serila No AX0000042882,FALCON,Falcon Trading Pvt Ltd,,,,0
,AX0000042883,Domino  Ax 150i Printer Serila No AX0000042883,Domino  Ax 150i Printer Serila No AX0000042883,SPMC,State Pharmaceuticals Manufacturing Corp,,,,Mr.Shantha
,AX0000042884,Domino  Ax 150i Printer Serila No AX0000042884,Domino  Ax 150i Printer Serila No AX0000042884,SPMC,State Pharmaceuticals Manufacturing Corp,,,,Mr.Shantha
,AX0000042885,Domino  Ax 150i Printer Serila No AX0000042885,Domino  Ax 150i Printer Serila No AX0000042885,Siva,Sivanarul Pvt Ltd.,,,,Owner
,AX0000042889,Domino  Ax 150i Printer Serila No AX0000042889,Domino  Ax 150i Printer Serila No AX0000042889,SEWANAGALA,Sevanagala Ayurvedic Drugs Manufacture Pvt Ltd,,,,0
N2A31388,1,Domino A 200 Printer Serial Number N2A31388,Domino A 200 Printer Serial Number N2A31388,CEY FRESH TEA,Ceylon Fresh Tea Pvt Ltd,,,,0
,CSB/017751/CSP/H12020715,Domino  C Series  Printer Serila No CSB 017751 CSP H1020715,Domino  C Series  Printer Serila No CSB 017751 CSP H1020715,LIPTON,Unilever Lipton Ceylon Ltd,,,,0
,21619,Conveyor 1300 X 310 X 800,Conveyor 1300 X 310 X 800,CEY FRESH,Ceylon Fresh Seafood Pvt Ltd,,,,Mr. Edwerd
,21620,Conveyor 1500 X 480 X800,Conveyor 1500 X 480 X800,HAYLEYS AGRO,Hayleys Agro Farms(Pvt) Ltd,,,,0
,1,Conveyor 1300 X 750- 800mm,Conveyor 1300 X 750- 800mm,Siva,Sivanarul Pvt Ltd.,,,,Owner
,21037 -22/03/2022,Steel Fabricated Belt Conveyor Weighing System,Steel Fabricated Belt Conveyor Weighing System,LIPTON,Unilever Lipton Ceylon Ltd,,,,0
,CHT-QBJ500,Chocolate Holding Tank,Chocolate Holding Tank,PERK LANKA,Perk Lanka (Pvt) Ltd,,,,0
,CC-QYJ500,Chocolate Conche,Chocolate Conche,PERK LANKA,Perk Lanka (Pvt) Ltd,,,,0
,19071910-GRN#21799,HIGH CAPACITY DRYERS,HIGH CAPACITY DRYERS,98 ACTRS,98 Acres Resort &S Pa,,,,0
,801KWDJ6T250,Heavy Duty Washer F17VDAW,Heavy Duty Washer F17VDAW,98 ACTRS,98 Acres Resort &S Pa,,,,0
,21623,LINEN WASHERS 45 kg,LINEN WASHERS 45 kg,98 ACTRS,98 Acres Resort &S Pa,,,,0
,21623-1,LINEN WASHER 25KG,LINEN WASHER 25KG,HOTEL SOBANA,Hotel Sobana (Pvt) Ltd,,,,Managing Director
,21623,IRONING TABLES,IRONING TABLES,98 ACTRS,98 Acres Resort &S Pa,,,,0
,21623,LINEN DRYERS 23KG,LINEN DRYERS 23KG,HOTEL SOBANA,Hotel Sobana (Pvt) Ltd,,,,Managing Director
,GT4B3/FB4B3,Semi-auto can seamer,Semi-auto can seamer,CIBO FOODS,CIBO Foods,,,,0
,21596,Steam Heating Jacketed Kettle - 500L,Steam Heating Jacketed Kettle - 500L,SINHARAJA HELA,Sinharaja Hela Osu (Pvt) Ltd,,,,0
,21596-1,Steam Heating Jacketed Kettle - 500L,Steam Heating Jacketed Kettle - 500L,SINHARAJA HELA,Sinharaja Hela Osu (Pvt) Ltd,,,,0
,21596-2,Steam Heating Jacketed Kettle - 500L,Steam Heating Jacketed Kettle - 500L,SINHARAJA HELA,Sinharaja Hela Osu (Pvt) Ltd,,,,0
,21633,Steam Horizontal Retort Sterilizer,Steam Horizontal Retort Sterilizer,CIBO FOODS,CIBO Foods,,,,0
,2206124,Manual Feed Electrical Drilling & Tapping Machine,Manual Feed Electrical Drilling & Tapping Machine,MAS INTIMATES,Mas Intimates Pvt Ltd,,,,Mr Lakshitha
,2206123,Manual Feed Electrical Drilling & Tapping Machine,Manual Feed Electrical Drilling & Tapping Machine,MAS INTIMATES,Mas Intimates Pvt Ltd,,,,Mr Lakshitha
,43,Water Chiller,Water Chiller,PHOENIX,Phoenix Industries Ltd,,,,0
,21220,Copra Dryer,Copra Dryer,EAST WEST MAR,East West Marketing (Pvt) Ltd,,,,0
,21139-01/04/2022,B type Screw machine with standard spare parts,B type Screw machine with standard spare parts,EBCC,E. B. Creasy & Company Plc,,,,Mr. Nalin
201315025008833,201315025008833,Injection Moulding Machine,Injection Moulding Machine,,E. B. Creasy & Company Plc,,,,Mr Prabath
202117025066932,202117025066932,Injection Moulding Machine,Injection Moulding Machine,,Ruby Plastics Pvt Ltd,,,,0
201616025034427,201616025034427,Injection Moulding Machine,Injection Moulding Machine,,E. B. Creasy & Company Plc,,,,Mr Prabath
201516025002004,201516025002004,Injection Moulding Machine,Injection Moulding Machine,,E. B. Creasy & Company Plc,,,,Mr Prabath
202117025067343,202117025067343,Injection Moulding Machine,Injection Moulding Machine,,E. B. Creasy & Company Plc,,,,Mr Prabath
201507100030640,201507100030640,Injection Moulding Machine,Injection Moulding Machine,,Jeewa Plastics Pvt Ltd,,,,0
201207012033322,201207012033322,Injection Moulding Machine,Injection Moulding Machine,,Ruby Plastics Pvt Ltd,,,,0
201307012030058,201307012030058,Injection Moulding Machine,Injection Moulding Machine,,Sierra Cables Plc,,,,0
201307012033544,201307012033544,Injection Moulding Machine,Injection Moulding Machine,,Jeewa Plastics Pvt Ltd,,,,0
201307016030089,201307016030089,Injection Moulding Machine,Injection Moulding Machine,,Sierra Cables Plc,,,,0
201607016030858,201607016030858,Injection Moulding Machine,Injection Moulding Machine,,Micro Electric International Pvt Ltd,,,,0
201707016036878,201707016036878,Injection Moulding Machine,Injection Moulding Machine,,Jeewa Plastics Pvt Ltd,,,,0
201207020033614,201207020033614,Injection Moulding Machine,Injection Moulding Machine,,Ruby Plastics Pvt Ltd,,,,0
201307020030130,201307020030130,Injection Moulding Machine,Injection Moulding Machine,,Sierra Cables Plc,,,,0
201607020030980,201607020030980,Injection Moulding Machine,Injection Moulding Machine,,E. B. Creasy & Company Plc,,,,Mr Prabath
201507020032295,201507020032295,Injection Moulding Machine,Injection Moulding Machine,,E. B. Creasy & Company Plc,,,,Mr Prabath
201807020051432,201807020051432,Injection Moulding Machine,Injection Moulding Machine,,E. B. Creasy & Company Plc,,,,Mr Prabath
201307025030690,201307025030690,Injection Moulding Machine,Injection Moulding Machine,,Ruby Plastics Pvt Ltd,,,,0
201207025033650,201207025033650,Injection Moulding Machine,Injection Moulding Machine,,Ruby Plastics Pvt Ltd,,,,0
201307025030692,201307025030692,Injection Moulding Machine,Injection Moulding Machine,,E. B. Creasy & Company Plc,,,,Mr Prabath
201307025033286,201307025033286,Injection Moulding Machine,Injection Moulding Machine,,Jeewa Plastics Pvt Ltd,,,,0
201307038030233,201307038030233,Injection Moulding Machine,Injection Moulding Machine,,Ruby Plastics Pvt Ltd,,,,0
201207038033709,201207038033709,Injection Moulding Machine,Injection Moulding Machine,,Ruby Plastics Pvt Ltd,,,,0
201407038033254,201407038033254,Injection Moulding Machine,Injection Moulding Machine,,Jeewa Plastics Pvt Ltd,,,,0
201207047033424,201207047033424,Injection Moulding Machine,Injection Moulding Machine,,Ruby Plastics Pvt Ltd,,,,0
202107053062806,202107053062806,Injection Moulding Machine,Injection Moulding Machine,,Jeewa Plastics Pvt Ltd,,,,0
201607008630560,201607008630560,Injection Moulding Machine,Injection Moulding Machine,,Micro Electric International Pvt Ltd,,,,0
201207009033297,201207009033297,Injection Moulding Machine,Injection Moulding Machine,,Ruby Plastics Pvt Ltd,,,,0
201507016032496,201507016032496,Injection Moulding Machine,Injection Moulding Machine,,Ruby Plastics Pvt Ltd,,,,0
20160725034425,20160725034425,Injection Moulding Machine,Injection Moulding Machine,,Ruby Plastics Pvt Ltd,,,,0
2015070360032880,2015070360032880,Injection Moulding Machine,Injection Moulding Machine,,Ruby Plastics Pvt Ltd,,,,0
201607045034426,201607045034426,Injection Moulding Machine,Injection Moulding Machine,,Ruby Plastics Pvt Ltd,,,,0
201507065035388,201507065035388,Injection Moulding Machine,Injection Moulding Machine,,Ruby Plastics Pvt Ltd,,,,0
20080702002545,20080702002545,Injection Moulding Machine  - 20080702002545,Injection Moulding Machine  - 20080702002545,,A J Technics Pvt Ltd,,,,0
,21616,HASS CNC Toolroom Lathe,HASS CNC Toolroom Lathe,RAJARATA UNI,Rajarata University of Sri Lanka,,,,0
,45,6YZ-150 Hydraulic Oil Press Machine,6YZ-150 Hydraulic Oil Press Machine,PURECINNAMON,PURECINNAMON EXPORT (PVT) LTD,,,,Manager Engineering
,52,Liquid Filling Machine,Liquid Filling Machine,AGRO PIL,Agro Properties & Investments Ltd,,,,0
,46,Main Piston Teflon Seal,Main Piston Teflon Seal,UNICL,Unilevers Sri Lanka Ltd,,,,0
,47,Main Piston Teflon Seal,Main Piston Teflon Seal,MJF BEVERAGES,Mjf Beverages Pvt Ltd,,,,0
,48,Main Piston Teflon Seal,Main Piston Teflon Seal,MJF BEVERAGES,Mjf Beverages Pvt Ltd,,,,0
,49,Main Piston Teflon Seal,Main Piston Teflon Seal,MJF BEVERAGES,Mjf Beverages Pvt Ltd,,,,0
,50,Main Piston Teflon Seal,Main Piston Teflon Seal,MJF BEVERAGES,Mjf Beverages Pvt Ltd,,,,0
,21689,Semi Automaticd Liquid Filling Machine,Semi Automaticd Liquid Filling Machine,LIPTON,Unilever Lipton Ceylon Ltd,,,,Mr.Bandaranaike
,21330,Double Nozzle Paste Filling Machine,Double Nozzle Paste Filling Machine,JANRICH,Janrich Foods Limited,,,,0
166,166,Semi Automatic Lug Capper,Semi Automatic Lug Capper,CBL NATURAL,Cbl Natural Foods Pvt Ltd,,,,0
,LCM 1,Semi Automatic Lug Capper,Semi Automatic Lug Capper,CBL NATURAL,Cbl Natural Foods Pvt Ltd,,,,0
,21566,Semi Automatic Lug Capper,Semi Automatic Lug Capper,HJSCL,H.J.S. Condiments Ltd.,,,,Ms.Susangi
168,168,Torque Adjustable Hand Capping Machine,Torque Adjustable Hand Capping Machine,LIPTON,Unilever Lipton Ceylon Ltd,,,,0
169,169,Torque Adjustable Hand Capping Machine,Torque Adjustable Hand Capping Machine,LIPTON,Unilever Lipton Ceylon Ltd,,,,0
,21116-30/03/2022-1,HIRING CHARGES,HIRING CHARGES,DGL SUPPLY CHAI,Dgl Supply Chain Solutions (Pvt) Ltd,,,,0
,21116-30/03/2022-2,HIRING CHARGES,HIRING CHARGES,CARGILLS QUALIT,Cargills Quality Foods Ltd.,,,,0
,21116-30/03/2022-3,HIRING CHARGES,HIRING CHARGES,CARGILLS QUALIT,Cargills Quality Foods Ltd.,,,,0
,21116-30/03/2022-4,HIRING CHARGES,HIRING CHARGES,BENCHMARK,Benchmark International Ceylon (Pvt) Ltd,,,,0
,21116-30/03/2022-5,HIRING CHARGES,HIRING CHARGES,Aqua N,Aqua 'N Green Ltd,,,,Accounts
,21116-30/03/2022-6,HIRING CHARGES,HIRING CHARGES,Aqua N,Aqua 'N Green Ltd,,,,Accounts
,21694-29/07/2022,HIRING CHARGES,HIRING CHARGES,SAYALADU COCO,Sayaladu Coco Products (Private) Limited,,,,0
,21783-19/08/2022,HIRING CHARGES,HIRING CHARGES,DP GLOBAL,Dp Global Ventures Pvt Ltd,,,,Mr.Dilantha
,21783-19/08/2022-1,HIRING CHARGES,HIRING CHARGES,DP GLOBAL,Dp Global Ventures Pvt Ltd,,,,Mr.Dilantha
,58,HYDRAULIC BALER JPA1070T60,HYDRAULIC BALER JPA1070T60,MIDAYA,"Midaya Packaging Ind., (Pvt) Ltd",,,,0
,21562,Pre-baker grinder,Pre-baker grinder,SINHARAJA HELA,Sinharaja Hela Osu (Pvt) Ltd,,,,0
,30BVI,Platform Dust Collecting Crushing Set,Platform Dust Collecting Crushing Set,Heal Acres,Heal Acres (Pvt) Ltd,,,,Manager Purchasing
,18/03/2022,Coarse Crusher,Coarse Crusher,PURECINNAMON,PURECINNAMON EXPORT (PVT) LTD,,,,Manager Engineering
,18/03/2022,Powder Grinding Machine,Powder Grinding Machine,PURECINNAMON,PURECINNAMON EXPORT (PVT) LTD,,,,Manager Engineering
,21142 - 31/03/2022,Horizontal Ribbon Mixer 500L,Horizontal Ribbon Mixer 500L,Uva Prov Ayurve,Uva Province Ayurveda Department,,,,Manager Purchasing
,61,Foam Cleaning - Mobile,Foam Cleaning - Mobile,JAINDI,Jaindi Export (Pvt) Ltd,,,,0
,66,Continuous Sealing Machine,Continuous Sealing Machine,MCW,Motha Confectionery Works (Pvt) Ltd,,,,0
,67,Continuous Sealing Machine,Continuous Sealing Machine,CIC SEEDS,Cic Seeds Pvt Ltd,,,,0
,68,Continuous Sealing Machine,Continuous Sealing Machine,CIC SEEDS,Cic Seeds Pvt Ltd,,,,0
,69,Continuous Sealing Machine,Continuous Sealing Machine,AMMA INDUS,Amma industries,,,,0
,71,Continuous Sealing Machine,Continuous Sealing Machine,Diesel & Motor,Diesel & Motor Engineering PLC,,,,Manager Production
,72,Continuous Sealing Machine,Continuous Sealing Machine,Diesel & Motor,Diesel & Motor Engineering PLC,,,,Manager Production
,70,Continuous Sealing Machine,Continuous Sealing Machine,Allied Com,Allied Commercial Fertilizers (Pvt) Ltd,,,,Accounts
,21008 - 1 - 10/03,Continuous Sealing Machine,Continuous Sealing Machine,JFINCO,Finlays Colombo Limited,,,,0
,21008 - 2 - 10/03,Continuous Sealing Machine,Continuous Sealing Machine,CONTINENTAL TEA,CONTtNENTAL TEA (PR|VATE) LTMTTED,,,,Mr. Indika
,21008 - 3 - 10/03,Continuous Sealing Machine,Continuous Sealing Machine,BLC House,BLC HOUSE(PVT)LTD,,,,Manager Production
,21008 - 4 - 10/03,Continuous Sealing Machine,Continuous Sealing Machine,Arilsobinshan,Arilsobinshan Nishanthan,,,,0
,21008 - 5 - 10/03,Continuous Sealing Machine,Continuous Sealing Machine,Chrysalis,Chrysalis,,,,Accounts
,21008 - 6 - 10/03,Continuous Sealing Machine,Continuous Sealing Machine,Chrysalis,Chrysalis,,,,Accounts
,21008 - 7 - 10/03,Continuous Sealing Machine,Continuous Sealing Machine,LIPTON,Unilever Lipton Ceylon Ltd,,,,Mr.Bandaranaike
,21008 - 8 - 10/03,Continuous Sealing Machine,Continuous Sealing Machine,HEMAS,Hemas Manufacturing Pvt Ltd,,,,0
,21008 - 9 - 10/03,Continuous Sealing Machine,Continuous Sealing Machine,HEMAS,Hemas Manufacturing Pvt Ltd,,,,0
,21008 - 10 - 10/03,Continuous Sealing Machine,Continuous Sealing Machine,HEMAS,Hemas Manufacturing Pvt Ltd,,,,0
,21008 - 11 - 10/03,Continuous Sealing Machine,Continuous Sealing Machine,SIRITHURA AYURV,Sirithura Ayurvedic Drugs Manufacture (Pvt) Ltd,,,,0
,21008 - 12 - 10/03,Continuous Sealing Machine,Continuous Sealing Machine,FREELAN,Freelan Enterprises Pvt Ltd,,,,0
,21035   - 16/03/2022,Three Stage Grinding Machine ( MC1206+MMP10+MMP10),Three Stage Grinding Machine ( MC1206+MMP10+MMP10),NATURE CEYLON,Naturally Ceylon Pvt Ltd,,,,The Accountant
,M-4,Automated Arecanut De-husker Machine,Automated Arecanut De-husker Machine,Wickrama Stores,Wickrama Stores,,,,Owerner
,21822,"Electric Tapping Machine 220V, 1 Phase","Electric Tapping Machine 220V, 1 Phase",MAS INTIMATES,Mas Intimates Pvt Ltd,,,,Mr Lakshitha
,21278,Heat Pump Dryer,Heat Pump Dryer,PURECINNAMON,PURECINNAMON EXPORT (PVT) LTD,,,,Manager Engineering
,03RD-16L -1,Heat Pump Dryer,Heat Pump Dryer,THE URBAN SPICE,The Urban Spice Shop (Pvt) Ltd,,,,GM
,MY-O03 RD,Heat Pump Dryer,Heat Pump Dryer,FOREST GARDEN,FOREST GARDEN ORGANICS PVT LTD,,,,MD
,21168 - 02/04,OR-FM3015A fiber laser cutting machine with Accessories,OR-FM3015A fiber laser cutting machine with Accessories,TECH MASTERS,Tech Masters,,,,0
,21168 - 2- 02/04,OR-FM3015 fiber laser cutting machine with Accessories,OR-FM3015 fiber laser cutting machine with Accessories,CRS ENG,CRS Engineering (pvt)ltd,,,,PROJECT INCHARGE
,21219 - 21.04/2022,Seed Paddy Cleaner - Mahaweli,Seed Paddy Cleaner - Mahaweli,MAHAWELI AUTHOR,Mahaweli Authority Of Sri Lanka,,,,0
,1111010-473,Seed Paddy Cleaner - Mahaweli,Seed Paddy Cleaner - Mahaweli,MAHAWELI AUTHOR,Mahaweli Authority Of Sri Lanka,,,,0
,1111011-473/2022,Seed Paddy Cleaning Machine,Seed Paddy Cleaning Machine,AGRI - MONARA,Department Of Agriculture.,,,,Manager Purchasing
,21119 - 30/03/2022,Seed Paddy Pre-Cleaner Equipment,Seed Paddy Pre-Cleaner Equipment,ARALIYA SEEDS,Araliya Seeds (Pvt) Ltd,,,,Mr.Tharaka
,RAZORTEK - 20984,Laser Welding Machine 1500 W,Laser Welding Machine 1500 W,MEGA HEAT,MEGA HEATERS (PVT) LTD,,,,PROJECT INCHARGE
,21087 - 25/02/2022,Bulk Packing Machine,Bulk Packing Machine,ARALIYA SEEDS,Araliya Seeds (Pvt) Ltd,,,,Mr.Tharaka
,DCF-400-A/G003394,Automatic Powder Packing Machine DCF 400 - A,Automatic Powder Packing Machine DCF 400 - A,SIVANARUL,Sivanarul Production Centre,,,,0
,NO S/N - 215557 -1,Bottle Conveyor System - m - SCAN,Bottle Conveyor System - m - SCAN,SCAN,C W Mackie Plc,,,,Mr.Ranil
,NO S/N - 215557 -2,Bottle Conveyor System - m - SCAN,Bottle Conveyor System - m - SCAN,SCAN,C W Mackie Plc,,,,Mr.Ranil
,NO S/N - 215557 -3,Bottle Conveyor System - m - SCAN,Bottle Conveyor System - m - SCAN,SCAN,C W Mackie Plc,,,,Mr.Ranil
,NO S/N - 215557 -4,Bottle Conveyor System - m - SCAN,Bottle Conveyor System - m - SCAN,SCAN,C W Mackie Plc,,,,Mr.Ranil
,NO S/N - 215557 -5,Bottle Conveyor System - m - SCAN,Bottle Conveyor System - m - SCAN,SCAN,C W Mackie Plc,,,,Mr.Ranil
,NO S/N - 215557 -6,Bottle Conveyor System - m - SCAN,Bottle Conveyor System - m - SCAN,SCAN,C W Mackie Plc,,,,Mr.Ranil
,NO S/N - 215557 -7,Bottle Conveyor System - m - SCAN,Bottle Conveyor System - m - SCAN,SCAN,C W Mackie Plc,,,,Mr.Ranil
,XP-18,Glass Bottle Washing Machine - SCAN,Glass Bottle Washing Machine - SCAN,SCAN,C W Mackie Plc,,,,Mr.Ranil
,MC-24,Manual Washing Machine - SCAN,Manual Washing Machine - SCAN,SCAN,C W Mackie Plc,,,,Mr.Ranil
,SC-24,Semi-auto Bottle Bruching Machine - SCAN,Semi-auto Bottle Bruching Machine - SCAN,SCAN,C W Mackie Plc,,,,Mr.Ranil
,21392,CABINET DRYERS 3PH40050HZ,CABINET DRYERS 3PH40050HZ,MICRO ELECTRIC,Micro Electric International Pvt Ltd,,,,0
3CD00000946,3CD00000946,CABINET DRYERS 3PH40050HZ,CABINET DRYERS 3PH40050HZ,,Micro Electric International Pvt Ltd,,,,0
,21392,Metal Detecting Seperator (SMS-50),Metal Detecting Seperator (SMS-50),MICRO ELECTRIC,Micro Electric International Pvt Ltd,,,,0
3LG15040821,3LG15040821,Auto Loader,Auto Loader,,Jeewa Plastics Pvt Ltd,,,,0
2LG00016385,2LG00016385,Auto Loader,Auto Loader,,E. B. Creasy & Company Plc,,,,Mr Prabath
2LG00016386,2LG00016386,Auto Loader,Auto Loader,,E. B. Creasy & Company Plc,,,,Mr Prabath
2LG00015129,2LG00015129,Auto Loader,Auto Loader,,E. B. Creasy & Company Plc,,,,Mr Prabath
2LG00015128,2LG00015128,Auto Loader,Auto Loader,,E. B. Creasy & Company Plc,,,,Mr Prabath
2LG00017667,2LG00017667,Auto Loader,Auto Loader,,Jeewa Plastics Pvt Ltd,,,,0
2LG00017664,2LG00017664,Auto Loader,Auto Loader,,Micro Electric International Pvt Ltd,,,,0
2LG00017666,2LG00017666,Auto Loader,Auto Loader,,Micro Electric International Pvt Ltd,,,,0
2AL13030037,2AL13030037,Auto Loader,Auto Loader,,Sierra Cables Plc,,,,0
2AL13030038,2AL13030038,Auto Loader,Auto Loader,,Sierra Cables Plc,,,,0
2AL13030036,2AL13030036,Auto Loader,Auto Loader,,Sierra Cables Plc,,,,0
2LG13100060,2LG13100060,Auto Loader,Auto Loader,,E. B. Creasy & Company Plc,,,,Mr Prabath
2LG00013294,2LG00013294,Auto Loader,Auto Loader,,E. B. Creasy & Company Plc,,,,Mr Prabath
2LG00017763,2LG00017763,Auto Loader,Auto Loader,,E. B. Creasy & Company Plc,,,,Mr Prabath
2LG00019502,2LG00019502,Auto Loader,Auto Loader,,E. B. Creasy & Company Plc,,,,Mr Prabath
2LG00016532,2LG00016532,Auto Loader,Auto Loader,,E. B. Creasy & Company Plc,,,,Mr Prabath
2LG00016533,2LG00016533,Auto Loader,Auto Loader,,E. B. Creasy & Company Plc,,,,Mr Prabath
,10070302,"SG-16N/20N"" LOW-SPEED GRANULATORS 3PH400V50HZ","SG-16N/20N"" LOW-SPEED GRANULATORS 3PH400V50HZ",CISCO,Cisco Speciality Packaging Ltd.,,,,0
2GE12090013,2GE12090013,Granulator Machine,Granulator Machine,,Sierra Cables Plc,,,,0
2SG12120019,2SG12120019,Granulator Machine,Granulator Machine,,Sierra Cables Plc,,,,0
2SG12120020,2SG12120020,Granulator Machine,Granulator Machine,,Sierra Cables Plc,,,,0
2SG12120021,2SG12120021,Granulator Machine,Granulator Machine,,Sierra Cables Plc,,,,0
3HD12104079,3HD12104079,Hopper Dryer,Hopper Dryer,,Ruby Plastics Pvt Ltd,,,,0
3HD15040973,3HD15040973,Hopper Dryer,Hopper Dryer,,Jeewa Plastics Pvt Ltd,,,,0
2CA00001365,2CA00001365,Chiller,Chiller,,E. B. Creasy & Company Plc,,,,Mr Prabath
2CA00001364,2CA00001364,Chiller,Chiller,,E. B. Creasy & Company Plc,,,,Mr Prabath
2CA00001671,2CA00001671,Chiller,Chiller,,E. B. Creasy & Company Plc,,,,Mr Prabath
2CA00001670,2CA00001670,Chiller,Chiller,,E. B. Creasy & Company Plc,,,,Mr Prabath
2CW13070037,2CW13070037,Chiller,Chiller,,E. B. Creasy & Company Plc,,,,Mr Prabath
3CW14100241,3CW14100241,Chiller,Chiller,,E. B. Creasy & Company Plc,,,,Mr Prabath
2CW14080016,2CW14080016,Chiller,Chiller,,E. B. Creasy & Company Plc,,,,Mr Prabath
2CW15070041,2CW15070041,Chiller,Chiller,,E. B. Creasy & Company Plc,,,,Mr Prabath
2CW15060016,2CW15060016,Chiller,Chiller,,E. B. Creasy & Company Plc,,,,Mr Prabath
2CA16090007,2CA16090007,Chiller,Chiller,,E. B. Creasy & Company Plc,,,,Mr Prabath
2CW13070038,2CW13070038,Chiller,Chiller,,E. B. Creasy & Company Plc,,,,Mr Prabath
2MS00000022,2MS00000022,Metal Detecting Seperator,Metal Detecting Seperator,,Micro Electric International Pvt Ltd,,,,0
,21049 - 22/03/2022,Automatic Bottle top L shape Labeling Machine,Automatic Bottle top L shape Labeling Machine,SENA MILLS REFI,Sena Mills Refieries Pvt Ltd,,,,0
21232,1,Automatic Front Back Sides & Round  Bottle Labeling Machine,Automatic Front Back Sides & Round  Bottle Labeling Machine,MULTI CHEMI,Multichemi International Ltd,,,,0
,21446,TA.XTPlusC Texture Analyser,TA.XTPlusC Texture Analyser,PRIMA CEYLON,Prima Ceylon Pvt Ltd,,,,0
,21446,Volscan Profiller,Volscan Profiller,PRIMA CEYLON,Prima Ceylon Pvt Ltd,,,,0
,88,Hand Pallet Truck - (550 ND),Hand Pallet Truck - (550 ND),MEGA CARING,Mega Caring (Pvt) Ltd,,,,0
,89,Hand Pallet Truck - (550 PD),Hand Pallet Truck - (550 PD),MCW,Motha Confectionery Works (Pvt) Ltd,,,,0
,90,Hand Pallet Truck - (550 PD),Hand Pallet Truck - (550 PD),MAURI,Ab Mauri Lanka Pvt Ltd,,,,0
,21913-11,Hand Pallet Truck - (550 PD),Hand Pallet Truck - (550 PD),THINEERA,Thineera Traders,,,,0
,21913-22,Hand Pallet Truck - (550 PD),Hand Pallet Truck - (550 PD),MCW,Motha Confectionery Works (Pvt) Ltd,,,,Mr.Adrian
,21373,Diesel Seed Paddy Dryer - Super-60,Diesel Seed Paddy Dryer - Super-60,LAKBIMA RICE,Lakbima Rice Mills Pvt Ltd,,,,0
,21373-1,Diesel Seed Paddy Dryer - Super-60,Diesel Seed Paddy Dryer - Super-60,LAKBIMA RICE,Lakbima Rice Mills Pvt Ltd,,,,0
,21226 - 22/04,Fish Ball Forming Machine,Fish Ball Forming Machine,CEY AGRO IND,Ceylon Agro Industries Ltd,,,,0
,21112 - 1 -29/03/22,Multifunctional Vegetable Cutting Machine,Multifunctional Vegetable Cutting Machine,SAYALADU COCO,Sayaladu Coco Products (Private) Limited,,,,0
,21112 -2 - 29/03/22,Multifunctional Vegetable Cutting Machine,Multifunctional Vegetable Cutting Machine,Heal Acres,Heal Acres (Pvt) Ltd,,,,Manager Purchasing
,21239,Colloid Mill JM-FB80,Colloid Mill JM-FB80,SAYALADU COCO,Sayaladu Coco Products (Private) Limited,,,,0
